Date,Site,Trial_Name,Polygon_ID,Corner_1.Latitude,Corner_1.Longitude,Corner_2.Latitude,Corner_2.Longitude,Corner_3.Latitude,Corner_3.Longitude,Corner_4.Latitude,Corner_4.Longitude,Central_coordinate_Latitude,Central_coordinate_Longitude,Species_1_Acacia_mearnsii,Species_2_Acacia_melanoxylon,Species_3_Alnus_acuminata,Species_1_Acacia_mearnsii_Perc,Species_2_Acacia_melanoxylon_Perc,Species_3_Alnus_acuminata_Perc,Class,Dominant_Species,coord_flag
17.10.24,MUKURA,Nyacyabira,P001,-1.97137,29.51376,-1.97125,29.51377,-1.97127,29.51364,-1.97144,29.51365,-1.9713325,29.513705,0,0,0,0,0,0,No Invasive,Non-invasive,OK
17.10.24,MUKURA,Nyacyabira,P002,-1.97087,29.5147,-1.97102,29.51472,-1.97111,29.51475,-1.97109,29.5148,-1.9710225,29.5147425,0,0,21,0,0,75,High,Alnus acuminata,OK
17.10.24,MUKURA,Nyacyabira,P003,-1.97153,29.51459,-1.97173,29.51469,-1.97185,29.51472,-1.97192,29.51464,-1.9717575,29.51466,0,0,0,0,0,0,No Invasive,Non-invasive,OK
17.10.24,MUKURA,Nyacyabira,P004,-1.97236,29.51468,-1.97247,29.51467,-1.97262,29.5147,-1.97257,29.51482,-1.972505,29.5147175,0,0,0,0,0,0,No Invasive,Non-invasive,OK
17.10.24,MUKURA,Nyacyabira,P005,-1.97318,29.51501,-1.97318,29.51501,-1.97323,29.51501,-1.97323,29.51503,-1.973205,29.515015,0,0,0,0,0,0,No Invasive,Non-invasive,OK
17.10.24,MUKURA,Nyacyabira,P006,-1.97344,29.51528,-1.97355,29.51543,-1.97362,29.51538,-1.97361,29.51535,-1.973555,29.51536,0,0,0,0,0,0,No Invasive,Non-invasive,OK
17.10.24,MUKURA,Nyacyabira,P007,-1.97437,29.51558,-1.97444,29.51561,-1.97449,29.51554,-1.97439,29.51551,-1.9744225,29.51556,0,0,0,0,0,0,No Invasive,Non-invasive,OK
17.10.24,MUKURA,Nyacyabira,P008,-1.97446,29.516,-1.97449,29.51593,-1.973454,29.51594,-1.97459,29.51597,-1.9742485,29.51596,0,0,0,0,0,0,No Invasive,Non-invasive,OK
17.10.24,MUKURA,Nyacyabira,P009,-1.97506,29.51626,-1.97503,29.51623,-1.97523,29.51642,-1.97503,29.51647,-1.9750875,29.516345,0,0,0,0,0,0,No Invasive,Non-invasive,OK
17.10.24,MUKURA,Nyacyabira,P010,-1.97504,29.51674,-1.97506,29.51682,-1.97514,29.51681,-1.97515,29.51675,-1.9750975,29.51678,0,0,0,0,0,0,No Invasive,Non-invasive,OK
17.10.24,MUKURA,Nyacyabira,P011,-1.97534,29.51523,-1.97536,29.51535,-1.9753,29.5153,-1.97529,29.51514,-1.9753225,29.515255,0,0,0,0,0,0,No Invasive,Non-invasive,OK
18.10.24,MUKURA,Nyacyabira,P012,-1.97392,29.51499,-1.97396,29.51505,-1.97391,29.51505,-1.97382,29.51496,-1.9739025,29.5150125,0,0,0,0,0,0,No Invasive,Non-invasive,OK
18.10.24,MUKURA,Nyacyabira,P013,-1.9745,29.51464,-1.97457,29.51477,-1.97464,29.51469,-1.9746,29.51462,-1.9745775,29.51468,0,0,0,0,0,0,No Invasive,Non-invasive,OK
18.10.24,MUKURA,Nyacyabira,P014,-1.9741,29.51418,-1.97412,29.51406,-1.97402,29.51401,-1.97397,29.51417,-1.9740525,29.514105,0,0,0,0,0,0,No Invasive,Non-invasive,OK
18.10.24,MUKURA,Nyacyabira,P015,-1.97417,29.51332,-1.97415,29.5134,-1.97421,29.51349,-1.97426,29.51339,-1.9741975,29.5134,0,0,0,0,0,0,No Invasive,Non-invasive,OK
18.10.24,MUKURA,Nyacyabira,P016,-1.97436,29.5118,-1.9744,29.51191,-1.97444,29.51193,-1.97449,29.51177,-1.9744225,29.5118525,0,0,0,0,0,0,No Invasive,Non-invasive,OK
18.10.24,MUKURA,Nyacyabira,P017,-1.97473,29.51103,-1.97478,29.51098,-1.97472,29.51092,-1.97469,29.51093,-1.97473,29.510965,0,0,0,0,0,0,No Invasive,Non-invasive,OK
18.10.24,MUKURA,Mukabere,P018,-1.97422,29.51045,-1.9743,29.51039,-1.97429,29.51034,-1.97414,29.51039,-1.9742375,29.5103925,2,0,0,5,0,0,Low,Acacia mearnsii,OK
18.10.24,MUKURA,Mukabere,P019,-1.97451,29.50991,-1.97446,29.50988,-1.97443,29.50987,-1.97448,29.50995,-1.97447,29.5099025,0,0,0,0,0,0,No Invasive,Non-invasive,OK
18.10.24,MUKURA,Mukabere,P020,-1.97394,29.50994,-1.97395,29.51,-1.97391,29.51002,-1.97403,29.50999,-1.9739575,29.5099875,0,0,0,0,0,0,No Invasive,Non-invasive,OK
18.10.24,MUKURA,Mukabere,P021,-1.97367,29.51002,-1.97372,29.51001,-1.97368,29.50994,-1.97359,29.50999,-1.973665,29.50999,5,0,0,25,0,0,Low,Acacia mearnsii,OK
18.10.24,MUKURA,Mukabere,P022,-1.9735,29.50977,-1.97344,29.50981,-1.97323,29.50971,-1.97343,29.50945,-1.9734,29.509685,19,0,0,75,0,0,High,Acacia mearnsii,OK
18.10.24,MUKURA,Mukabere,P023,-1.97325,29.50921,-1.97315,29.5092,-1.97311,29.50907,-1.97324,29.50907,-1.9731875,29.5091375,0,0,0,0,0,0,No Invasive,Non-invasive,OK
18.10.24,MUKURA,Mukabere,P024,-1.97303,29.50846,-1.9731,29.50841,-1.97301,29.50831,-1.97293,29.5083,-1.9730175,29.50837,0,0,0,0,0,0,No Invasive,Non-invasive,OK
18.10.24,MUKURA,Mukabere,P025,-1.97328,29.50732,-1.97339,29.50734,-1.97345,29.50721,-1.97334,29.5072,-1.973365,29.5072675,0,0,0,0,0,0,No Invasive,Non-invasive,OK
18.10.24,MUKURA,Mukabere,P026,-1.97264,29.50684,-1.97261,29.5068,-1.9725,29.50686,-1.97255,29.50696,-1.972575,29.506865,0,0,0,0,0,0,No Invasive,Non-invasive,OK
18.10.24,MUKURA,Mukabere,P027,-1.97169,29.50674,-1.9718,29.50665,-1.97176,29.50665,-1.97167,29.50667,-1.97173,29.5066775,0,0,0,0,0,0,No Invasive,Non-invasive,OK
18.10.24,MUKURA,Mukabere,P028,-1.97128,29.50655,-1.97135,29.50645,-1.97129,29.5641,-1.97118,29.5065,-1.971275,29.5209,0,0,0,0,0,0,No Invasive,Non-invasive,OK
18.10.24,MUKURA,Mukabere,P029,-1.97083,29.50505,-1.97097,29.50496,-1.97093,29.50492,-1.97078,29.50496,-1.9708775,29.5049725,0,0,0,0,0,0,No Invasive,Non-invasive,OK
18.10.24,MUKURA,Mukabere,P030,-1.97183,29.50419,-1.97197,29.50426,-1.97207,29.50415,-1.97196,29.50407,-1.9719575,29.5041675,0,0,0,0,0,0,No Invasive,Non-invasive,OK
22.10.24,MUKURA,Mukabere,P031,-1.97121,29.50454,-1.97129,29.50442,-1.97127,29.50463,-1.9714,29.50456,-1.9712925,29.5045375,1,0,0,5,0,0,Low,Acacia mearnsii,OK
22.10.24,MUKURA,Mukabere,P032,-1.97225,29.50444,-1.97216,29.50444,-1.97219,29.50458,-1.97233,29.50456,-1.9722325,29.504505,0,0,0,0,0,0,No Invasive,Non-invasive,OK
22.10.24,MUKURA,Mukabere,P033,-1.97078,29.50233,-1.97074,29.50214,-1.97087,29.50232,-1.97094,29.50221,-1.9708325,29.50225,2,0,0,5,0,0,Low,Acacia mearnsii,OK
22.10.24,MUKURA,Mukabere,P034,-1.97045,29.50172,-1.97032,29.50156,-1.97036,29.50138,-1.97053,29.50139,-1.970415,29.5015125,7,0,0,15,0,0,Low,Acacia mearnsii,OK
22.10.24,MUKURA,Mukabere,P035,-1.96978,29.50094,-1.96969,29.50103,-1.96955,29.50092,-1.96965,29.50081,-1.9696675,29.500925,2,0,0,5,0,0,Low,Acacia mearnsii,OK
22.10.24,MUKURA,Mukabere,P036,-1.96941,29.5009,-1.96948,29.50088,-1.96948,29.50073,-1.96938,29.5007,-1.9694375,29.5008025,4,0,0,15,0,0,Low,Acacia mearnsii,OK
22.10.24,MUKURA,Mukabere,P037,-1.96862,29.49924,-1.96866,29.49938,-1.96873,29.49936,-1.96872,29.49925,-1.9686825,29.4993075,0,0,0,0,0,0,No Invasive,Non-invasive,OK
23.10.24,MUKURA,Harama,P038,-1.96819,29.49856,-1.96834,29.49869,-1.96844,29.4986,-1.96831,29.49844,-1.96832,29.4985725,15,0,0,25,0,0,Low,Acacia mearnsii,OK
23.10.24,MUKURA,Harama,P049,-1.96751,29.49759,-1.96735,29.49744,-1.96698,29.49761,-1.96741,29.49785,-1.9673125,29.4976225,16,0,0,65,0,0,Medium,Acacia mearnsii,OK
23.10.24,MUKURA,Harama,P040,-1.96676,29.49749,-1.96668,29.49738,-1.96674,29.49734,-1.96666,29.49716,-1.96671,29.4973425,7,0,0,20,0,0,Low,Acacia mearnsii,OK
23.10.24,MUKURA,Harama,P041,-1.96499,29.49547,-1.96485,29.49533,-1.96511,29.49544,-1.96501,29.49524,-1.96499,29.49537,10,0,0,30,0,0,High,Acacia mearnsii,OK
23.10.24,MUKURA,Harama,P042,-1.96537,29.49583,-1.96524,29.49581,-1.96525,29.49593,-1.96546,29.49579,-1.96533,29.49584,0,0,0,0,0,0,No Invasive,Non-invasive,OK
23.10.24,MUKURA,Harama,P043,-1.96499,29.49547,-1.96485,29.49533,-1.96511,29.49544,-1.96501,29.49524,-1.96499,29.49537,4,0,0,20,0,0,Low,Acacia mearnsii,OK
23.10.24,MUKURA,Harama,P044,-1.96481,29.49487,-1.9649,29.49499,-1.965,29.49493,-1.96495,29.49476,-1.964915,29.4948875,22,0,0,75,0,0,High,Acacia mearnsii,OK
23.10.24,MUKURA,Harama,P045,-1.965331,29.49492,-1.96519,29.49479,-1.96531,29.49472,-1.9654,29.49493,-1.96530775,29.49484,5,0,0,20,0,0,Low,Acacia mearnsii,OK
23.10.24,MUKURA,Harama,P046,-1.96561,29.49451,-1.96582,29.49461,-1.96583,29.49441,-1.96577,29.49441,-1.9657575,29.494485,1,0,0,1,0,0,Low,Acacia mearnsii,OK
23.10.24,MUKURA,Harama,P047,-1.96663,29.49623,-1.96664,29.49641,-1.96652,29.49655,-1.96653,29.49651,-1.96658,29.496425,1,0,0,1,0,0,Low,Acacia mearnsii,OK
23.10.24,MUKURA,Harama,P048,-1.96458,29.4947,-1.96454,29.49493,-1.96474,29.49488,-1.96472,29.49463,-1.964645,29.494785,1,0,0,1,0,0,Low,Acacia mearnsii,OK
24.10.24,MUKURA,Harama,P049,-1.96697,29.49744,-1.96685,29.49739,-1.96685,29.49738,-1.96706,29.49736,-1.9669325,29.4973925,23,0,0,75,0,0,High,Acacia mearnsii,OK
24.10.24,MUKURA,Harama,P050,-1.96533,29.49337,-1.9652,29.49328,-1.96509,29.49341,-1.9652,29.49354,-1.965205,29.4934,19,0,0,65,0,0,High,Acacia mearnsii,OK
24.10.24,MUKURA,Harama,P051,-1.96542,29.48993,-1.96554,29.48989,-1.96553,29.48989,-1.96544,29.49008,-1.9654825,29.4899475,0,0,0,0,0,0,No Invasive,Non-invasive,OK
24.10.24,MUKURA,Harama,P052,-1.96557,29.49034,-1.9657,29.49023,-1.96594,29.49042,-1.96582,29.4906,-1.9657575,29.4903975,23,0,0,75,0,0,High,Acacia mearnsii,OK
24.10.24,MUKURA,Harama,P053,-1.96646,29.4896,-1.96634,29.48961,-1.96645,29.48939,-1.96655,29.48945,-1.96645,29.4895125,3,0,0,10,0,0,Low,Acacia mearnsii,OK
25.10.24,MUKURA,Harama,P054,-1.96704,29.48918,-1.9671,29.48906,-1.96707,29.48895,-1.96695,29.48904,-1.96704,29.4890575,8,0,0,40,0,0,Medium,Acacia mearnsii,OK
25.10.24,MUKURA,Harama,P055,-1.96738,29.48798,-1.96753,29.488,-1.96749,29.48789,-1.96741,29.48793,-1.9674525,29.48795,0,0,0,0,0,0,No Invasive,Non-invasive,OK
25.10.24,MUKURA,Harama,P056,-1.9685,29.48696,-1.96839,29.48705,-1.96852,29.48711,-1.96855,29.48701,-1.96849,29.4870325,0,0,0,0,0,0,No Invasive,Non-invasive,OK
25.10.24,MUKURA,Harama,P057,-1.96924,29.48764,-1.96912,29.48771,-1.96916,29.48785,-1.96927,29.48788,-1.9691975,29.48777,0,0,0,0,0,0,No Invasive,Acacia mearnsii,OK
25.10.24,MUKURA,Harama,P058,-1.98143,29.49483,-1.9814,29.49481,-1.98132,29.49467,-1.98139,29.49465,-1.981385,29.49474,5,0,0,10,0,0,Low,Non-invasive,OK
25.10.24,MUKURA,Harama,P059,-1.98076,29.49295,-1.9807,29.49306,-1.9055,29.49298,-1.98062,29.49286,-1.961895,29.4929625,0,0,0,0,0,0,No Invasive,Non-invasive,OK
25.10.24,MUKURA,Harama,P060,-1.97803,29.49129,-1.97785,29.49117,-1.97783,29.49126,-1.97795,29.49134,-1.977915,29.491265,0,0,0,0,0,0,No Invasive,Non-invasive,OK
25.10.24,MUKURA,Harama,P061,-1.9675,29.49147,-1.96738,29.49139,-1.96733,29.49149,-1.96741,29.49155,-1.967405,29.491475,0,0,0,0,0,0,No Invasive,Non-invasive,OK
25.10.24,MUKURA,Rushungura,P062,-1.96665,29.49222,-1.96646,29.49217,-1.96667,29.49228,-1.96655,29.49234,-1.9665825,29.4922525,7,0,0,40,0,0,Medium,Acacia mearnsii,OK
28.10.24,MUKURA,Rushungura,P063,-1.99099,29.49884,-1.99094,29.49875,-1.99078,29.49864,-1.99081,29.49882,-1.99088,29.4987625,0,0,0,0,0,0,No Invasive,Non-invasive,OK
28.10.24,MUKURA,Rushungura,P064,-1.99017,29.49909,-1.99001,29.49905,-1.99004,29.49891,-1.99027,29.49892,-1.9901225,29.4989925,0,0,0,0,0,0,No Invasive,Non-invasive,OK
28.10.24,MUKURA,Rushungura,P065,-1.99257,29.513,-1.99241,29.51293,-1.9923,29.51307,-1.99241,29.51319,-1.9924225,29.5130475,0,0,0,0,0,0,No Invasive,Non-invasive,OK
28.10.24,MUKURA,Rwamasizi,P066,-1.99177,29.50882,-1.9918,29.509,-1.99165,29.50879,-1.99172,29.50896,-1.991735,29.5088925,2,0,0,3,0,0,Low,Acacia mearnsii,OK
28.10.24,MUKURA,Rwamasizi,P067,-1.99283,29.51429,-1.99277,29.51451,-1.99258,29.51442,-1.99263,29.51422,-1.9927025,29.51436,1,0,0,0.8,0,0,Low,Acacia mearnsii,OK
28.10.24,MUKURA,Rwamasizi,P068,-1.99169,29.5137,-1.99145,29.51373,-1.99154,29.5136,-1.99169,29.5136,-1.9915925,29.5136575,0,0,0,0,0,0,No Invasive,Non-invasive,OK
28.10.24,MUKURA,Rwamasizi,P069,-1.99189,29.51399,-1.99194,29.51411,-1.99183,29.51411,-1.99179,29.51403,-1.9918625,29.51406,0,0,0,0,0,0,No Invasive,Non-invasive,OK
28.10.24,MUKURA,Rwamasizi,P070,-1.99283,29.51338,-1.99273,29.51331,-1.99285,29.51316,-1.99292,29.51337,-1.9928325,29.513305,0,0,0,0,0,0,No Invasive,Non-invasive,OK
29.10.24,MUKURA,Gashaka,P071,-1.99237,29.52036,-1.99241,29.52018,-1.99261,29.52028,-1.9925,29.52042,-1.9924725,29.52031,38,0,0,78,0,0,High,Acacia mearnsii,OK
29.10.24,MUKURA,Gashaka,P072,-1.99247,29.51998,-1.99238,29.51986,-1.99221,29.51989,-1.99234,29.52008,-1.99235,29.5199525,19,0,0,65,0,0,High,Acacia mearnsii,OK
29.10.24,MUKURA,Gashaka,P073,-1.99271,29.52021,-1.99275,29.52039,-1.99287,29.52029,-1.99281,29.52016,-1.992785,29.5202625,1,0,0,1,0,0,High,Acacia mearnsii,OK
29.10.24,MUKURA,Gashaka,P074,-1.99304,29.52051,-1.9932,29.52059,-1.99323,29.52043,-1.99304,29.52046,-1.9931275,29.5204975,0,0,0,0,0,0,No Invasive,Non-invasive,OK
30.10.24,MUKURA,Nakajumba,P075,-1.99891,29.53254,-1.99893,29.53272,-1.99877,29.53273,-1.99874,29.53255,-1.9988375,29.532635,0,0,0,0,0,0,No Invasive,Non-invasive,OK
30.10.24,MUKURA,Nakajumba,P076,-1.99748,29.53142,-1.99745,29.53131,-1.99746,29.53117,-1.99756,29.53115,-1.9974875,29.5312625,0,0,0,0,0,0,No Invasive,Non-invasive,OK
30.10.24,MUKURA,Nakajumba,P077,-1.99621,29.53025,-1.9962,29.53036,-1.99604,29.53034,-1.99595,29.5302,-1.9961,29.5302875,0,0,0,0,0,0,No Invasive,Non-invasive,OK
30.10.24,MUKURA,Nakajumba,P078,-1.99587,29.53118,-1.99593,29.53134,-1.99577,29.53146,-1.99571,29.53142,-1.99582,29.53135,0,0,0,0,0,0,No Invasive,Non-invasive,OK
30.10.24,MUKURA,Nakajumba,P079,-1.99478,29.53183,-1.99463,29.53194,-1.99453,29.53182,-1.99467,29.53168,-1.9946525,29.5318175,0,0,0,0,0,0,No Invasive,Non-invasive,OK
30.10.24,MUKURA,Mwogambere,P080,-1.98993,29.5179,-1.98987,29.51802,-1.98995,29.51803,-1.99009,29.51787,-1.98996,29.517955,0,0,0,0,0,0,No Invasive,Non-invasive,OK
30.10.24,MUKURA,Mwogambere,P081,-1.98917,29.51761,-1.98932,29.51762,-1.98933,29.51751,-1.98921,29.51752,-1.9892575,29.517565,0,0,0,0,0,0,No Invasive,Non-invasive,OK
30.10.24,MUKURA,Mwogambere,P082,-1.99107,29.5163,-1.99103,29.51646,-1.99088,29.5164,-1.99091,29.51619,-1.9909725,29.5163375,0,0,0,0,0,0,No Invasive,Non-invasive,OK
30.10.24,MUKURA,Gashaka,P083,-1.99108,29.51729,-1.99116,29.5174,-1.99131,29.51737,-1.99119,29.51724,-1.991185,29.517325,0,0,0,0,0,0,No Invasive,Non-invasive,OK
11.01.24,MUKURA,Kamariba,P084,-1.99944,29.53477,-1.9995,29.53493,-1.99933,29.535,-1.99927,29.53483,-1.999385,29.5348825,1,0,0,1.2,0,0,Low,Acacia mearnsii,OK
11.01.24,MUKURA,Kamariba,P085,-2.00153,29.53622,-2.00162,29.53633,-2.00182,29.53636,-2.00175,29.53617,-2.00168,29.53627,2,20,0,1,15,0,Mixed,Acacia melanoxylon,OK
11.01.24,MUKURA,Kamariba,P086,-2.00224,29.53598,-2.00237,29.53588,-2.00227,29.53577,-2.00211,29.53578,-2.0022475,29.5358525,0,7,0,0,3,0,Low,Acacia mealnoxylon,OK
11.01.24,MUKURA,Kamariba,P087,-2.0029,29.53544,-2.00303,29.53555,-2.00315,29.53552,-2.00309,29.53537,-2.0030425,29.53547,0,17,0,0,11,0,Low,Acacia mealnoxylon,OK
11.01.24,MUKURA,Kamariba,P088,-2.00312,29.53522,-2.00323,29.53524,-2.00331,29.53522,-2.00334,29.53513,-2.00325,29.5352025,0,26,0,0,26,NA,Medium,Acacia mealnoxylon,OK
11.01.24,MUKURA,Kamariba,P089,-2.00366,29.53485,-2.00372,29.53496,-2.00382,29.5349,-2.00387,29.53482,-2.0037675,29.5348825,0,10,0,0,15,0,Low,Acacia mealnoxylon,OK
11.01.24,MUKURA,Kamariba,P090,-2.00366,29.53485,-2.00372,29.53496,-2.00372,29.53496,-2.00387,29.53482,-2.0037425,29.5348975,0,0,0,0,0,0,No Invasive,Non-invasive,OK
11.01.24,MUKURA,Kamariba,P091,-2.0067,29.53205,-2.00645,29.53214,-2.00672,29.53218,-2.00666,29.53222,-2.0066325,29.5321475,0,0,0,0,0,0,No Invasive,Non-invasive,OK
11.04.25,MUKURA,Tumba,P092,-2.02086,29.49101,-2.02088,29.49117,-2.02103,29.49111,-2.02103,29.49126,-2.02095,29.4911375,0,0,0,0,0,0,No Invasive,Non-invasive,OK
11.04.25,MUKURA,Tumba,P093,-2.01913,29.49077,-2.01927,29.49083,-2.01934,29.49071,-2.01912,29.49057,-2.019215,29.49072,0,0,0,0,0,0,No Invasive,Non-invasive,OK
11.04.25,MUKURA,Tumba,P094,-2.01929,29.49039,-2.01941,29.49032,-2.01926,29.49035,-2.01922,29.49032,-2.019295,29.490345,0,0,0,0,0,0,No Invasive,Non-invasive,OK
11.05.24,MUKURA,Rugali,P095,-2.01839,29.51973,-2.01829,29.51985,-2.0185,29.51989,-2.0856,29.51984,-2.035195,29.5198275,0,30,0,0,75,0,High,Acacia melanoxylon,OK
11.05.24,MUKURA,Rugali,P096,-2.02073,29.52028,-2.02078,29.52034,-2.02094,29.52031,-2.02088,29.52018,-2.0208325,29.5202775,0,0,0,0,0,0,No Invasive,Non-invasive,OK
11.05.24,MUKURA,Rugali,P097,-2.02176,29.5215,-2.02196,29.52172,-2.02193,29.52176,-2.02168,29.52173,-2.0218325,29.5216775,0,0,0,0,0,0,No Invasive,Non-invasive,OK
11.05.24,MUKURA,Rugali,P098,-2.02337,29.52192,-2.02338,29.52201,-2.02349,29.522,-2.02354,29.52192,-2.023445,29.5219625,0,0,0,0,0,0,No Invasive,Non-invasive,OK
11.05.24,MUKURA,Rugali,P099,-2.02651,29.5148,-2.02663,29.51466,-2.02675,29.51465,-2.02675,29.51479,-2.02666,29.514725,0,0,0,0,0,0,No Invasive,Non-invasive,OK
11.06.24,MUKURA,Kabisasa,P100,-2.02661,29.551573,-2.0267,29.51576,-2.02671,29.5158,-2.02651,29.51581,-2.0266325,29.52473575,4,0,0,15,0,0,Low,Acacia mearnsii,OK
11.06.24,MUKURA,Kamonyi,P101,-2.02045,29.50682,-2.02059,29.50688,-2.02069,29.50702,-2.02037,29.50698,-2.020525,29.506925,0,0,0,0,0,0,No Invasive,Non-invasive,OK
11.06.24,MUKURA,Kamonyi,P102,-2.02013,29.50658,-2.02006,29.50672,-2.01996,29.50653,-2.01989,29.50665,-2.02001,29.50662,0,0,0,0,0,0,No Invasive,Non-invasive,OK
11.06.24,MUKURA,Kamonyi,P103,-2.02142,29.50765,-2.0215,29.50772,-2.02176,29.50779,-2.02154,29.50787,-2.021555,29.5077575,0,0,0,0,0,0,No Invasive,Non-invasive,OK
11.06.24,MUKURA,Kamonyi,P104,-2.02175,29.55084,-2.02195,29.50834,-2.02207,29.50843,-202194,29.50858,-50550.01644,29.5190475,0,0,0,0,0,0,No Invasive,Non-invasive,Suspicious
11.06.24,MUKURA,Kamonyi,P105,-2.02269,29.51192,-2.02277,29.51187,-2.02274,29.51185,-2.02262,29.51185,-2.022705,29.5118725,0,0,0,0,0,0,No Invasive,Non-invasive,OK
11.06.24,MUKURA,Kamonyi,P106,-2.02245,29.51231,-2.02226,29.51237,-2.02242,29.51229,-2.02237,29.51219,-2.022375,29.51229,0,0,0,0,0,0,No Invasive,Non-invasive,OK
11.06.24,MUKURA,Kamonyi,P107,-2.01804,29.50579,-2.01791,29.50593,-2.01779,29.50583,-2.01792,29.5057,-2.017915,29.5058125,0,0,0,0,0,0,No Invasive,Non-invasive,OK
11.06.24,MUKURA,Kamonyi,P108,-2.01795,29.50549,-2.01787,29.50542,-2.01783,29.50533,-2.01802,29.50535,-2.0179175,29.5053975,0,0,0,0,0,0,No Invasive,Non-invasive,OK
11.07.24,MUKURA,Kamonyi,P109,-1.99422,29.52908,-1.99421,29.529,-1.99408,29.52906,-1.99415,29.52915,-1.994165,29.5290725,0,0,0,0,0,0,No Invasive,Non-invasive,OK
11.07.24,MUKURA,Kamonyi,P110,-1.99496,29.52888,-1.99511,29.52883,-1.99515,29.52897,-1.99504,29.52901,-1.995065,29.5289225,0,0,0,0,0,0,No Invasive,Non-invasive,OK
11.07.24,MUKURA,Kamonyi,P111,-1.99229,29.53021,-1.99236,29.53035,-1.99219,29.53042,-1.99211,29.5303,-1.9922375,29.53032,0,0,0,0,0,0,No Invasive,Non-invasive,OK
11.08.24,MUKURA,Kamonyi,P112,29.51354,29.51354,-1.96904,29.51355,-1.9691,29.51373,-1.96927,29.51361,5.9015325,29.5136075,0,0,0,0,0,0,No Invasive,Non-invasive,Suspicious
11.08.24,MUKURA,Kamonyi,P113,-1.97172,29.51807,-1.97174,29.51817,-1.97163,29.51828,-1.97151,29.51817,-1.97165,29.5181725,0,0,0,0,0,0,No Invasive,Non-invasive,OK
11.08.24,MUKURA,Kamonyi,P114,-1.97502,29.52123,-1.97494,29.52108,-1.97512,29.52101,-1.97518,29.52115,-1.975065,29.5211175,0,0,0,0,0,0,No Invasive,Non-invasive,OK
11.08.24,MUKURA,Kamonyi,P115,-1.97452,29.52263,-1.978434,29.52252,-1.97428,29.52257,-1.97444,29.52274,-1.9754185,29.522615,0,0,0,0,0,0,No Invasive,Non-invasive,OK
21.10.24,Gishwati,RWANKUBA,GRW001,1.80304,29.35595,1.80315,29.35602,1.80328,29.35593,1.8032,29.35583,1.8031675,29.3559325,1,28,2,2,68,5,Mixed,Acacia melanoxylon,Suspicious
21.10.24,Gishwati,RWANKUBA,GRW002,1.80351,29.35581,1.80357,29.35578,1.80358,29.35567,1.80342,29.35571,1.80352,29.3557425,0,19,0,0,60,0,High,Acacia melanoxylon,Suspicious
22.10.24,Gishwati,RWANKUBA,GRW003,1.80372,29.35569,1.8039,29.35557,1.80398,29.35543,1.80387,29.3554,1.8038675,29.3555225,4,7,1,7,30,3,Mixed,Acacia melanoxylon,Suspicious
22.10.24,Gishwati,RWANKUBA,GRW004,1.80391,29.35515,1.80392,29.35503,1.80376,29.35508,1.80381,29.35522,1.80385,29.35512,3,44,0,4,76,0,Mixed,Acacia melanoxylon,Suspicious
22.10.24,Gishwati,RWANKUBA,GRW005,1.80363,29.35519,1.8035,29.355529,1.80349,29.35534,1.80364,29.35535,1.803565,29.35535225,1,26,0,2,58,0,Mixed,Acacia melanoxylon,Suspicious
22.10.24,Gishwati,RWANKUBA,GRW006,1.8033,29.35543,1.80325,29.3555,1.8033,29.35565,1.80339,29.35557,1.80331,29.3555375,1,9,0,2,23,0,Mixed,Acacia melanoxylon,Suspicious
22.10.24,Gishwati,PFUNDA Bridge,GRW007,1.80102,29.35548,1.80114,29.35547,1.80108,29.35537,1.80095,29.35539,1.8010475,29.3554275,2,24,0,3,72,0,Mixed,Acacia melanoxylon,Suspicious
22.10.24,Gishwati,PFUNDA Bridge,GRW008,1.80082,29.35524,1.80098,29.35522,1.80089,29.35508,1.80077,29.35514,1.800865,29.35517,3,28,0,3,72,0,Mixed,Acacia melanoxylon,Suspicious
22.10.24,Gishwati,PFUNDA Bridge,GRW009,1.80071,29.35496,1.80084,29.3549,1.80082,29.35478,1.8007,29.35469,1.8007675,29.3548325,2,22,0,3,57,0,Mixed,Acacia melanoxylon,Suspicious
22.10.24,Gishwati,PFUNDA Bridge,GRW010,1.80047,29.35458,1.80053,29.35446,1.80045,29.35436,1.80029,29.35446,1.800435,29.354465,0,29,0,0,55,0,High,Acacia melanoxylon,Suspicious
22.10.24,Gishwati,PFUNDA Bridge,GRW011,1.8002,29.35431,1.80035,29.35415,1.80027,29.35407,1.8002,29.3541,1.800255,29.3541575,0,19,0,0,60,0,High,Acacia melanoxylon,Suspicious
22.10.24,Gishwati,PFUNDA Bridge,GRW012,1.79973,29.3543,1.79974,29.3543,1.79969,29.35414,1.79981,29.35408,1.7997425,29.354205,0,28,0,0,75,0,High,Acacia melanoxylon,Suspicious
22.10.24,Gishwati,PFUNDA Bridge,GRW013 ,1.79975,29.35395,1.79992,29.35375,1.79982,29.35371,1.7996,29.35358,1.7997725,29.3537475,0,16,0,0,65,0,High,Acacia melanoxylon,Suspicious
23.10.24,Gishwati,MATYAZO,GMT001,1.82312,29.3849,1.82312,29.38481,1.82316,29.38479,1.82321,29.38483,1.8231525,29.3848325,0,0,18,0,0,80,High,Alnus acuminata,Suspicious
23.10.24,Gishwati,MATYAZO,GMT002,1.82329,29.38489,1.82341,29.38476,1.82336,29.38457,1.82352,29.38445,1.823395,29.3846675,0,0,6,0,0,40,High,Alnus acuminata,Suspicious
23.10.24,Gishwati,MATYAZO,GMT003,1.82352,29.38436,1.82344,29.38428,1.82348,29.38413,1.82352,29.38417,1.82349,29.384235,0,0,7,0,0,35,Medium,Alnus acuminata,Suspicious
23.10.24,Gishwati,MATYAZO,GMT004,1.82352,29.38416,1.82359,92.38399,1.82358,29.3838,1.82369,29.38381,1.823595,45.13394,0,1,12,0,2,78,Mixed,Alnus acuminata,Suspicious
23.10.24,Gishwati,MATYAZO,GMT005,1.8241,29.38485,1.82424,29.38473,1.82437,29.38484,1.82428,29.38499,1.8242475,29.3848525,0,15,9,0,60,15,Mixed,Acacia melanoxylon,Suspicious
28.10.24,Gishwati,MATYAZO,GMT006,1.82332,29.38461,1.82317,29.38447,1.82324,29.38437,1.82326,29.38435,1.8232475,29.38445,0,0,9,0,0,30,Medium,Alnus acuminata,Suspicious
28.10.24,Gishwati,MATYAZO,GMT007,1.8233,29.38417,1.8233,29.38413,1.82329,29.384,1.82346,29.38395,1.8233375,29.3840625,0,0,14,0,0,85,High,Alnus acuminata,Suspicious
28.10.24,Gishwati,MATYAZO,GMT008,1.82349,29.38387,1.82355,29.38371,1.82347,29.38362,1.82343,29.38363,1.823485,29.3837075,0,6,1,0,28,2,Mixed,Acacia melanoxylon,Suspicious
28.10.24,Gishwati,MATYAZO,GMT009,1.82346,29.38338,1.82354,29.38331,1.8237,29.38328,1.82363,29.38346,1.8235825,29.3833575,0,17,0,0,75,0,High,Acacia melanoxylon,Suspicious
28.10.24,Gishwati,MATYAZO,GMT010,1.82276,29.38457,1.82289,29.38452,1.82292,29.38436,1.82279,29.38425,1.82284,29.384425,0,0,17,0,0,78,High,Alnus acuminata,Suspicious
28.10.24,Gishwati,MATYAZO,GMT011,1.82445,29.38503,1.82456,29.38498,1.82459,29.38499,1.82457,29.38519,1.8245425,29.3850475,0,2,18,0,5,80,Mixed,Alnus acuminata,Suspicious
28.10.24,Gishwati,MATYAZO,GMT012,1.82485,29.38504,1.825,29.38498,1.82509,29.38512,1.82495,29.38519,1.8249725,29.3850825,0,1,18,0,3,87,Mixed,Alnus acuminata,Suspicious
28.10.24,Gishwati,MATYAZO,GMT013,1.82501,29.38517,1.82525,29.38519,1.82554,29.3851,1.82551,29.38494,1.8253275,29.3851,0,0,28,0,0,88,High,Alnus acuminata,Suspicious
28.10.24,Gishwati,MATYAZO,GMT014,1.82561,29.38488,1.82576,29.38489,1.82581,29.38498,1.82565,29.38507,1.8257075,29.384955,0,0,22,0,0,85,High,Alnus acuminata,Suspicious
28.10.24,Gishwati,MATYAZO,GMT015,1.82595,29.38508,1.82601,29.38498,1.82619,29.385,1.82616,29.38515,1.8260775,29.3850525,0,0,17,0,0,75,High,Alnus acuminata,Suspicious
28.10.24,Gishwati,MATYAZO,GMT016,1.82611,29.38525,1.82602,29.38547,1.82591,29.38537,1.82586,29.38522,1.825975,29.3853275,0,0,18,0,0,88,High,Alnus acuminata,Suspicious
29.10.24,Gishwati,MATYAZO,GMT017,1.82443,29.38533,1.82433,29.38552,1.82451,29.38557,1.82457,29.38542,1.82446,29.38546,0,26,0,0,90,0,High,Acacia melanoxylon,Suspicious
29.10.24,Gishwati,MATYAZO,GMT018,1.82443,29.38568,1.82429,29.38568,1.82418,29.3858,1.82425,29.38588,1.8242875,29.38576,0,23,0,0,75,0,High,Acacia melanoxylon,Suspicious
29.10.24,Gishwati,MATYAZO,GMT0019,1.82414,29.38603,1.82401,29.38607,1.8241,29.38623,1.82426,29.38615,1.8241275,29.38612,0,28,0,0,90,0,High,Acacia melanoxylon,Suspicious
29.10.24,Gishwati,MATYAZO,GMT020,1.82391,29.38628,1.82402,29.38633,1.82399,29.38645,1.82381,29.38645,1.8239325,29.3863775,0,29,0,0,98,0,High,Acacia melanoxylon,Suspicious
29.10.24,Gishwati,MATYAZO,GMT021,1.8237,29.38641,1.82352,29.38626,1.82345,29.38638,1.82351,29.38648,1.823545,29.3863825,0,28,0,0,95,0,High,Acacia melanoxylon,Suspicious
30.10.24,Gishwati,CORRIDOR ,GCRR001,1.81255,29.38633,1.81259,29.38616,1.81273,29.38622,1.81269,29.38638,1.81264,29.3862725,0,7,8,0,25,50,Mixed,Alnus acuminata,Suspicious
30.10.24,Gishwati,CORRIDOR ,GCRR002,1.81287,29.38617,1.81291,29.38618,1.81312,29.38622,1.8131,29.38614,1.813,29.3861775,0,28,0,0,85,0,High,Acacia melanoxylon,Suspicious
30.10.24,Gishwati,CORRIDOR ,GCRR003,1.81309,29.38598,1.81308,29.38582,1.81322,29.38562,1.81319,29.38572,1.813145,29.385785,0,32,0,0,80,0,High,Acacia melanoxylon,Suspicious
30.10.24,Gishwati,CORRIDOR ,GCRR004,1.81325,29.38553,1.81306,29.38547,1.81306,29.38531,1.81319,29.38533,1.81314,29.38541,0,27,0,0,80,0,High,Acacia melanoxylon,Suspicious
30.10.24,Gishwati,CORRIDOR ,GCRR005,1.81322,29.38522,1.81309,29.3852,1.81306,29.38505,1.81319,29.38492,1.81314,29.3850975,0,34,0,0,50,0,Medium,Acacia melanoxylon,Suspicious
30.10.24,Gishwati,CORRIDOR ,GCRR006,1.81338,29.3849,1.81336,29.38502,1.81344,29.38511,1.81354,29.38499,1.81343,29.385005,0,11,0,0,60,0,High,Acacia melanoxylon,Suspicious
30.10.24,Gishwati,CORRIDOR ,GCRR007,1.81348,29.38528,1.8134,29.38527,1.81332,29.38547,1.81341,29.38548,1.8134025,29.385375,0,18,0,0,48,0,Medium,Acacia melanoxylon,Suspicious
30.10.24,Gishwati,CORRIDOR ,GCRR008,1.81346,29.38558,1.81352,29.38582,1.81337,29.38589,1.81334,29.38576,1.8134225,29.3857625,0,17,0,0,60,0,High,Acacia melanoxylon,Suspicious
30.10.24,Gishwati,CORRIDOR ,GCRR009,1.81345,29.38456,1.81356,29.38447,1.81363,29.3845,1.81363,29.38462,1.8135675,29.3845375,0,10,0,0,40,0,Medium,Acacia melanoxylon,Suspicious
30.10.24,Gishwati,CORRIDOR ,GCRR010,1.81365,29.38478,1.81378,29.3848,1.81387,29.38493,1.81374,29.38503,1.81376,29.384885,0,17,0,0,55,0,High,Acacia melanoxylon,Suspicious
31.10.24,Gishwati,Waterfall ,GWTF001,1.815,29.38385,1.81487,29.38383,1.81474,29.38392,1.81487,29.38404,1.81487,29.38391,0,30,0,0,78,0,High,Acacia melanoxylon,Suspicious
31.10.24,Gishwati,Waterfall ,GWTF002,1.81499,29.38419,1.8149,29.38425,1.81501,29.38433,1.81508,29.38421,1.814995,29.384245,0,17,0,0,70,0,High,Acacia melanoxylon,Suspicious
31.10.24,Gishwati,Waterfall ,GWTF003,1.81519,29.38422,1.81527,29.38409,1.81547,29.3841,1.81551,29.38417,1.81536,29.384145,0,12,0,0,60,0,High,Acacia melanoxylon,Suspicious
31.10.24,Gishwati,Waterfall ,GWTF004,1.8157,29.38426,1.81566,29.38413,1.81585,29.38398,1.81587,29.38403,1.81577,29.3841,0,7,0,0,20,0,Low,Acacia melanoxylon,Suspicious
31.10.24,Gishwati,Waterfall ,GWTF005,1.81579,29.38382,1.81575,29.38367,1.81563,29.38356,1.81548,29.38359,1.8156625,29.38366,0,16,0,0,40,0,Medium,Acacia melanoxylon,Suspicious
31.10.24,Gishwati,Waterfall ,GWTF006,1.81598,29.38381,1.81614,29.38368,1.81626,29.38379,1.81618,29.3839,1.81614,29.383795,0,13,0,0,70,0,High,Acacia melanoxylon,Suspicious
31.10.24,Gishwati,Waterfall ,GWTF007,1.81683,29.38373,1.817,29.38376,1.81705,29.38387,1.81692,29.38394,1.81695,29.383825,0,13,0,0,60,0,High,Acacia melanoxylon,Suspicious
31.10.24,Gishwati,Waterfall ,GWTF008,1.8172,29.38398,1.81741,29.38396,1.81742,29.38396,1.81725,29.38383,1.81732,29.3839325,0,27,0,0,80,0,High,Acacia melanoxylon,Suspicious
01.11.24,Gishwati,Gashihe,GSHE001,1.82061,29.38283,1.82045,29.38271,1.82035,29.38283,1.82044,29.38291,1.8204625,29.38282,21,0,0,30,0,0,Medium,Acacia mearnsii,Suspicious
01.11.24,Gishwati,Rushubi ,GRHU001,1.81849,29.3823,1.81851,29.38239,1.81844,29.38245,1.8183,29.38233,1.818435,29.3823675,0,3,15,0,6,74,Mixed,Alnus acuminata,Suspicious
01.11.24,Gishwati,Rushubi ,GRHU002,1.81817,29.3824,1.81817,29.38263,1.81817,29.38274,1.81803,29.38274,1.818135,29.3826275,0,5,14,0,6,70,Mixed,Alnus acuminata,Suspicious
01.11.24,Gishwati,Rushubi ,GRHU003,1.81803,29.38295,1.81815,29.38296,1.8182,29.38304,1.81818,29.38307,1.81814,29.383005,0,27,0,0,70,0,High,Acacia melanoxylon,Suspicious
01.11.24,Gishwati,Rushubi ,GRHU004,1.81388,29.3789,1.8138,29.37877,1.8136,29.37883,1.81365,29.37895,1.8137325,29.3788625,0,38,0,0,90,0,High,Acacia melanoxylon,Suspicious
01.11.24,Gishwati,Rushubi ,GRBU005,1.81382,29.37908,1.81369,29.37917,1.81382,29.37933,1.81396,29.37927,1.8138225,29.3792125,0,19,0,0,85,0,High,Acacia melanoxylon,Suspicious
01.11.24,Gishwati,Rushubi ,GRHU006,1.81407,29.37937,1.81398,29.3795,1.81412,29.3796,1.81416,29.37962,1.8140825,29.3795225,0,9,0,0,35,0,Medium,Acacia melanoxylon,Suspicious
01.11.24,Gishwati,Rushubi ,GRHU007,1.81418,29.37969,1.81422,29.37982,1.81418,29.37996,1.81414,29.37997,1.81418,29.37986,0,11,0,0,50,0,Medium,Acacia melanoxylon,Suspicious
01.11.24,Gishwati,Rushubi ,GRHU008,1.81411,29.38013,1.81423,29.38018,1.81435,29.38038,1.81421,29.38042,1.814225,29.3802775,0,19,0,0,88,0,High,Acacia melanoxylon,Suspicious
01.11.24,Gishwati,Rushubi ,GRHU009,1.81417,29.3805,1.8143,29.38059,1.8143,29.38076,1.81422,29.38077,1.8142475,29.380655,0,8,0,0,40,0,Medium,Acacia melanoxylon,Suspicious
01.11.24,Gishwati,Rushubi ,GRHU010,1.81445,29.38082,1.8144,29.38095,1.81451,29.38101,1.81464,29.38093,1.8145,29.3809275,0,9,1,0,57,3,High,Acacia melanoxylon,Suspicious
01.11.24,Gishwati,Rushubi ,GRHU011,1.8146,29.3815,1.81443,29.38162,1.81445,29.38178,1.81459,29.38185,1.8145175,29.3816875,0,28,0,0,90,0,High,Acacia melanoxylon,Suspicious
01.11.24,Gishwati,Rushubi ,GRHU012,1.81444,29.38193,1.81428,29.38193,1.8196,29.38196,1.81428,29.3821,1.81565,29.38198,0,19,0,0,87,0,High,Acacia melanoxylon,Suspicious
04.11.24,Gishwati,Nduruma,NDRM001,1.80969,29.39255,1.80965,29.39263,1.80972,29.39277,1.80982,29.3927,1.80972,29.3926625,39,0,0,80,0,0,High,Acacia mearnsii,Suspicious
05.11.24,Gishwati,Nduruma,NDRM002,1.80928,29.39302,1.80943,29.39316,1.80958,29.39315,1.80968,29.393,1.8094925,29.3930825,1,9,0,0,70,0,High,Acacia melanoxylon,Suspicious
06.11.24,Gishwati,Nduruma,NDRM003,1.8096,29.39352,1.8091,29.39365,1.80957,29.39378,1.80975,29.39365,1.809505,29.39365,0,9,0,0,40,0,Medium,Acacia melanoxylon,Suspicious
07.11.24,Gishwati,Nduruma,NDRM004,1.80967,29.39392,1.80954,29.39393,1.80947,29.39402,1.80953,29.39418,1.8095525,29.3940125,6,24,0,9,80,0,Mixed,Acacia melanoxylon,Suspicious
08.11.24,Gishwati,Nduruma,NDRM005,1.80963,29.39427,1.80964,29.39443,1.80971,29.39452,1.80979,29.39434,1.8096925,29.39439,0,18,0,0,70,0,High,Acacia melanoxylon,Suspicious
09.11.24,Gishwati,Nduruma,NDRM006,1.80971,29.39467,1.80962,29.39467,1.8094,29.3947,1.80955,29.3948,1.80957,29.39471,0,29,0,0,85,0,High,Acacia melanoxylon,Suspicious
10.11.24,Gishwati,Nduruma,NDRM007,1.80948,29.39501,1.80939,29.3949,1.8092,29.39495,1.80926,29.39508,1.8093325,29.394985,0,18,0,0,70,0,High,Acacia melanoxylon,Suspicious
11.11.24,Gishwati,Nduruma,NDRM008,1.809,29.39518,1.80906,29.39508,1.80885,29.3951,1.80897,29.39492,1.80897,29.39507,0,11,0,0,68,0,High,Acacia melanoxylon,Suspicious
12.11.24,Gishwati,Nduruma,NDRM009,1.80889,29.3948,1.80903,29.3947,1.80903,29.39461,1.80887,29.39456,1.808955,29.3946675,2,26,0,5,75,0,Mixed,Acacia melanoxylon,Suspicious
13.11.24,Gishwati,Nduruma,NDRM011,1.80917,29.39403,1.80926,29.39406,1.80937,29.39397,1.80923,29.39384,1.8092575,29.393975,0,21,0,0,70,0,High,Acacia melanoxylon,Suspicious
14.11.24,Gishwati,Nduruma,NDRM012,1.8091,29.39387,1.809,29.3939,1.80898,29.39391,1.8089,29.39379,1.808995,29.3938675,1,20,0,2,78,0,Mixed,Acacia melanoxylon,Suspicious
15.11.24,Gishwati,Nduruma,NDRM013,1.80816,29.39449,1.80813,29.39442,1.80803,29.39435,1.808,29.39439,1.80808,29.3944125,0,21,0,0,80,0,High,Acacia melanoxylon,Suspicious
16.11.24,Gishwati,Nduruma,NDRM014,1.8078,29.3945,1.80776,29.39446,1.80767,29.3944,1.80758,29.39448,1.8077025,29.39446,0,25,0,0,78,0,High,Acacia melanoxylon,Suspicious
17.11.24,Gishwati,Nduruma,NDRM015,1.80762,29.39471,1.80754,29.39478,1.80758,29.39494,1.80761,29.39499,1.8075875,29.394855,0,12,0,0,55,0,High,Acacia melanoxylon,Suspicious
18.11.24,Gishwati,Nduruma,NDRM016,1.80752,29.39517,1.80745,29.39529,1.80731,29.39522,1.80733,29.3951,1.8074025,29.395195,0,15,0,0,75,0,High,Acacia melanoxylon,Suspicious
19.11.24,Gishwati,Nduruma,NDRM017,1.80718,29.39503,1.80711,29.39514,1.80698,29.39507,1.80702,29.39496,1.8070725,29.39505,0,27,0,0,88,0,High,Acacia melanoxylon,Suspicious
05.11.24,Gishwati,KUKIBUGUZO,KBGZ001,1.81984,29.38504,1.81969,29.3851,1.81955,29.38496,1.81973,29.38487,1.8197025,29.3849925,0,28,0,0,93,0,High,Acacia melanoxylon,Suspicious
05.11.24,Gishwati,KUKIBUGUZO,KBGZ002,1.8199,29.38489,1.81989,29.38503,1.82004,29.38503,1.82008,29.38491,1.8199775,29.384965,4,12,0,6,34,0,Mixed,Acacia melanoxylon,Suspicious
05.11.24,Gishwati,KUKIBUGUZO,KBGZ003,1.82013,29.3848,1.82026,29.38482,1.82035,29.38482,1.82026,29.38454,1.82025,29.384745,1,11,0,3,37,0,Mixed,Acacia melanoxylon,Suspicious
05.11.24,Gishwati,KUKIBUGUZO,KBGZ004,1.8201,29.38447,1.82007,29.38456,1.81996,29.38455,1.81987,29.38448,1.82,29.384515,0,22,0,0,60,0,High,Acacia melanoxylon,Suspicious
05.11.24,Gishwati,KUKIBUGUZO,KBGZ005,1.81968,29.3844,1.81965,29.38449,1.8195,29.38456,1.81946,29.38444,1.8195725,29.3844725,0,21,0,0,60,0,High,Acacia melanoxylon,Suspicious
06.11.24,Gishwati,Nduruma,NDRM18,1.80865,29.39559,1.80848,29.39556,1.80846,29.39573,1.80862,29.39577,1.8085525,29.3956625,1,15,0,3,47,0,Mixed,Acacia melanoxylon,Suspicious
06.11.24,Gishwati,Nduruma,NDRM19,1.80857,29.39588,1.80844,29.39586,1.80839,29.39603,1.80852,29.3961,1.80848,29.3959675,0,27,0,0,85,0,High,Acacia melanoxylon,Suspicious
06.11.24,Gishwati,Nduruma,NDRM20,1.80838,29.39619,1.80832,29.39621,1.8082,29.39632,1.80838,29.39638,1.80832,29.396275,0,6,0,0,30,0,Medium,Acacia melanoxylon,Suspicious
06.11.24,Gishwati,Nduruma,NDRM21,1.8084,29.39647,1.80852,29.39649,1.80863,29.39654,1.80866,29.39668,1.8085525,29.396545,2,8,0,5,35,0,Mixed,Acacia melanoxylon,Suspicious
06.11.24,Gishwati,Nduruma,NDRM22,1.80885,29.39662,1.80899,29.39651,1.809,29.39658,1.80901,29.39672,1.8089625,29.3966075,0,9,0,0,30,0,Medium,Acacia melanoxylon,Suspicious
20.11.24,Gishwati,SEBEYA,SBY001,1.80672,29.41382,1.80682,29.41377,1.80681,29.41363,1.80666,29.41363,1.8067525,29.4137125,0,0,11,0,0,60,High,Alnus acuminata,Suspicious
20.11.24,Gishwati,SEBEYA,SBY002,1.80668,29.41346,1.80684,29.4134,1.80684,29.41323,1.80672,29.41319,1.80677,29.41332,0,0,13,0,0,60,High,Alnus acuminata,Suspicious
20.11.24,Gishwati,SEBEYA,SBY003,1.80679,29.41307,1.80694,29.4131,1.80699,29.41302,1.80694,29.41294,1.806915,29.4130325,0,1,17,0,3,72,Mixed,Alnus acuminata,Suspicious
20.11.24,Gishwati,SEBEYA,SBY004,1.80718,29.41293,1.80737,29.41289,1.80735,29.41277,1.80718,29.41276,1.80727,29.4128375,1,2,25,2,3,74,Mixed,Alnus acuminata,Suspicious
20.11.24,Gishwati,SEBEYA,SBY005,1.80756,29.41273,1.80772,29.41267,1.80767,29.41252,1.80753,29.41248,1.80762,29.4126,0,7,1,0,24,1,Mixed,Acacia melanoxylon,Suspicious
21.11.24,Gishwati,BASE CAMP,BSCMP001,1.83161,29.4154,1.83176,29.41554,1.8317,29.41562,1.83157,29.41553,1.83166,29.4155225,0,0,35,0,0,95,High,Alnus acuminata,Suspicious
21.11.24,Gishwati,BASE CAMP,BSCMP002,1.83175,29.41569,1.83181,29.41573,1.83186,29.41587,1.83172,29.41589,1.831785,29.415795,0,0,15,0,0,55,High,Alnus acuminata,Suspicious
21.11.24,Gishwati,BASE CAMP,BSCMP003,1.83222,29.41649,1.83227,29.41666,1.83215,29.41671,1.83207,29.41657,1.8321775,29.4166075,0,0,23,0,0,68,High,Alnus acuminata,Suspicious
21.11.24,Gishwati,BASE CAMP,BECMP004,1.8323,29.42009,1.83219,29.42009,1.83217,29.42,1.83233,29.41992,1.8322475,29.420025,0,0,16,0,0,50,Medium,Alnus acuminata,Suspicious
21.11.24,Gishwati,BASE CAMP,BSCMP005,1.83211,29.41971,1.83226,29.41972,1.83228,29.41963,1.83227,29.41957,1.83223,29.4196575,0,0,17,0,0,67,High,Alnus acuminata,Suspicious
